Rk,Player,PTS,Age,Team,Pos,G,GS,MP,PER,TSp,3PAr,FTr,ORBp,DRBp,TRBp,ASTp,STLp,BLKp,TOVp,USGp,OWS,DWS,WS,WS/48,OBPM,DBPM,BPM,VORP
1,Mikal Bridges,1427,28,NYK,SF,80,80,3000,14,0.585,0.391,0.097,2.7,7.1,4.9,14.2,1.2,1.3,9.8,19.6,3.6,2,5.5,0.088,0.3,-0.9,-0.6,1.1
2,Josh Hart,1043,29,NYK,SG,76,76,2862,16.5,0.611,0.326,0.268,6.5,22.4,14.6,20.7,2,0.9,15.4,15.3,5.4,3.8,9.2,0.154,1.1,1.8,2.8,3.5
3,Anthony Edwards,2125,23,MIN,SG,77,77,2800,20,0.595,0.501,0.311,2.5,14.8,8.7,20.9,1.5,1.6,12.2,31.4,4.4,3.6,8,0.137,4.3,-0.1,4.2,4.4
4,Devin Booker,1905,28,PHO,SG,74,74,2767,19.3,0.588,0.39,0.342,3.2,8.9,6.1,30.6,1.2,0.5,11.8,29.3,6,0.3,6.3,0.109,2.8,-2.4,0.4,1.6
5,Tyler Herro,1818,25,MIA,SG,76,76,2704,19.5,0.602,0.488,0.235,1.4,14.7,8.1,26.4,1.3,0.6,11.5,28.1,4.4,2.7,7.1,0.126,3.7,-0.7,3,3.4
6,Trae Young,1805,26,ATL,PG,75,75,2703,18.1,0.566,0.465,0.405,1.4,8.3,4.7,46.5,1.6,0.4,18.1,29.6,4.1,1.3,5.4,0.095,3.1,-2.8,0.3,1.6
7,DeMar DeRozan,1686,35,SAC,SF,75,75,2700,18,0.573,0.196,0.342,2,10.2,6.1,18.4,1.1,1.2,6.5,25,5.7,1.4,7.1,0.126,1.3,-1.2,0.1,1.4
8,James Harden,1740,35,LAC,PG,77,77,2698,19.7,0.578,0.52,0.447,2.2,15.9,9.2,36.8,2.1,1.9,18,29.6,3.7,4.2,7.9,0.14,3.3,0.7,4.1,4.1
9,OG Anunoby,1317,27,NYK,PF,73,73,2671,15.4,0.595,0.447,0.222,4.2,10.9,7.6,8.4,2,2.3,8.4,19.7,3.8,2.8,6.6,0.118,0.7,0.1,0.8,1.9
10,Jalen Green,1714,22,HOU,SG,80,80,2661,15.3,0.547,0.462,0.235,1.7,13.3,7.4,15.9,1.3,0.9,11.4,27.3,2.1,3.3,5.4,0.098,1.2,-0.5,0.8,1.9
11,Bam Adebayo,1387,27,MIA,C,77,77,2652,18.6,0.558,0.195,0.294,7.7,23,15.4,20.1,1.8,1.9,11.5,23.6,3.2,4,7.2,0.13,0.8,1,1.8,2.5
12,Christian Braun,1195,23,DEN,SG,77,75,2610,16,0.666,0.275,0.26,4.3,12.2,8.4,9.8,1.5,1.3,8.2,15.9,6,1.8,7.8,0.143,0.8,-0.6,0.3,1.5
13,Shai Gilgeous-Alexander,2484,26,OKC,PG,76,76,2598,30.7,0.637,0.263,0.404,2.8,12.7,7.8,31.4,2.4,3,8.6,34.8,12,4.8,16.7,0.309,8.8,2.6,11.4,8.8
14,Jayson Tatum,1916,26,BOS,PF,71,71,2592,21.8,0.584,0.496,0.303,2,23.9,12.9,26.9,1.5,1.4,11.3,31.3,5.2,4.1,9.3,0.172,4.5,0.8,5.3,4.7
15,Jaden McDaniels,981,24,MIN,PF,80,80,2561,13.4,0.564,0.367,0.153,5.6,14.5,10.1,9.1,2.1,2.6,9.3,16.2,2.5,3.8,6.3,0.118,-1.3,1.4,0.1,1.4
16,Keegan Murray,927,24,SAC,PF,74,74,2556,12,0.556,0.548,0.087,6.2,15.3,10.8,5.5,1.1,2.6,6.6,15,2.4,2,4.3,0.082,-0.8,-0.9,-1.7,0.2
17,Pascal Siakam,1578,30,IND,PF,78,78,2548,19.2,0.599,0.274,0.261,5.9,17.7,11.8,15.6,1.3,1.5,7.6,24.3,5,2.5,7.5,0.141,2.1,-0.5,1.7,2.4
18,Ivica Zubac,1301,27,LAC,C,78,78,2546,22.3,0.638,0,0.257,13.2,30.1,21.7,13,1,3.5,11,19.6,6.7,4.6,11.3,0.213,2.2,0.8,3,3.2
19,Derrick White,1229,30,BOS,SG,75,75,2539,16.5,0.604,0.722,0.17,2.8,11.7,7.3,20,1.4,2.8,11.2,19.8,5,3.2,8.2,0.155,2.6,0.7,3.4,3.5
20,Zach LaVine,1682,29,2TM,SF,72,72,2535,17.3,0.641,0.436,0.236,0.9,12.1,6.6,18.4,1.1,0.4,13.5,25.3,3.6,1.3,4.9,0.092,2.3,-1.6,0.7,1.7
21,Michael Porter Jr.,1372,21,ATL,SG,75,75,2534,15.6,0.547,0.253,0.151,5.1,14.1,9.5,17.8,4.2,1.9,13.6,18.2,1.3,3.6,4.9,0.092,-1.1,2.6,1.4,2.2
22,Dyson Daniels,1065,26,DEN,SF,75,75,2534,16.3,0.617,0.468,0.185,6.2,16,11.3,8.9,0.9,1.3,8.4,20.3,4.6,1.7,6.2,0.118,1.6,-1.8,-0.1,1.2
23,Brook Lopez,1026,36,MIL,C,79,79,2521,14.7,0.624,0.485,0.176,5,11.7,8.5,7.9,1,5.4,9.3,15.8,3.6,2.9,6.5,0.124,0.4,0.4,0.8,1.8
24,Karl-Anthony Towns,1759,26,LAL,SG,72,72,2517,18.1,0.614,0.514,0.356,2.8,11.4,7.2,24.8,1.5,0.8,12.7,23.6,5.5,2,7.5,0.144,2.4,-0.5,1.9,2.5
25,Austin Reaves,1452,29,NYK,C,72,72,2517,23.4,0.63,0.278,0.337,9.8,31.9,21,13.7,1.4,1.8,12.1,27.4,6.3,3.8,10.1,0.193,3.5,0.1,3.6,3.5
26,Nikola Jokić,2027,29,DEN,C,68,68,2499,32.2,0.663,0.243,0.331,9.1,28.2,19.1,44.2,2.4,1.6,12.8,29.7,12.4,3.6,16.1,0.308,10,3.3,13.3,9.6
27,Toumani Camara,858,24,POR,PF,76,76,2493,12.5,0.572,0.501,0.178,7.3,12,9.6,9.4,2.2,1.8,12.6,14.3,2.4,2.5,4.9,0.094,-1,0.7,-0.3,1.1
28,Tyrese Haliburton,1359,24,IND,PG,73,73,2451,21.8,0.616,0.559,0.221,1.9,9.7,5.9,38.8,2.1,1.8,9.8,21.6,8.1,2.3,10.4,0.204,5.7,0.1,5.8,4.9
29,LeBron James,1696,40,LAL,SF,69,69,2422,22.7,0.604,0.311,0.262,3.4,21.3,12.6,40.1,1.4,1.5,15.6,30.1,4.8,2.7,7.6,0.15,4.9,0.6,5.6,4.6
30,Cade Cunningham,1794,23,DET,PG,69,69,2416,20.3,0.562,0.288,0.255,2.6,16.4,9.6,42.8,1.4,2,16,33.2,2.7,2.9,5.6,0.112,3.6,0.1,3.7,3.5
31,Coby White,1491,24,CHI,SG,72,71,2403,15.6,0.602,0.525,0.275,1.1,10.1,5.7,19.5,1.3,0.5,12.2,24.5,3,1.3,4.3,0.086,0.6,-1.5,-0.9,0.7
32,Bub Carrington,774,19,WAS,PG,80,55,2382,8.9,0.515,0.548,0.116,1.4,13,7.2,20.7,1.1,0.8,15.3,15.6,-0.4,0.6,0.2,0.004,-3.4,-1.3,-4.7,-1.6
33,Alperen Şengün,1437,22,HOU,C,75,75,2372,21.4,0.545,0.08,0.379,11.5,23.8,17.5,24.1,1.7,2.3,12.8,26.2,4.1,4.3,8.4,0.169,2.6,1.8,4.5,3.9
34,Domantas Sabonis,1298,29,HOU,SF,74,74,2366,11.1,0.556,0.523,0.137,3.3,9.1,6.2,7.5,1.2,0.6,7.5,17.7,2.7,2.6,5.3,0.107,-1.3,0.1,-1.3,0.5
35,Dillon Brooks,1045,28,SAC,C,68,68,2366,22.7,0.653,0.173,0.331,12.3,32.4,22.3,25.9,0.9,1.1,16.5,21.6,7.1,2.6,9.7,0.196,4,1,5,4.1
36,Jamal Murray,1405,27,DEN,PG,65,65,2362,17.9,0.587,0.356,0.218,2.1,9.1,5.8,23.2,1.9,1.2,10,23.9,4.6,1.6,6.1,0.125,1.8,-1,0.8,1.7
37,Rudy Gobert,812,32,MIN,C,70,70,2317,17.8,0.69,0,0.532,12.3,23.8,18.1,7.7,1.2,4,13.1,12.7,5.7,3.8,9.6,0.198,0.5,1.3,1.8,2.2
38,Anfernee Simons,1348,25,POR,SG,70,70,2292,14.9,0.557,0.527,0.172,1.2,8,4.5,23.2,1.3,0.2,10.6,24.6,2.9,1.1,4,0.084,1.5,-1.6,-0.1,1.1
39,Kentavious Caldwell-Pope,671,31,ORL,SG,76,76,2274,9.9,0.577,0.606,0.176,1.6,7.2,4.3,8.7,2.2,1.4,9.6,12.4,1.5,3.1,4.6,0.098,-3,1.5,-1.5,0.3
40,Darius Garland,1518,25,CLE,PG,74,74,2268,19.7,0.599,0.453,0.214,2.3,7.7,5.1,31.6,1.9,0.4,12.8,27.2,5.6,2.3,7.8,0.166,3.8,-0.9,2.9,2.8
41,Tobias Harris,981,32,DET,PF,71,71,2266,13.8,0.568,0.327,0.205,3.2,17.4,10.4,9.7,1.5,2.3,8.8,17.6,2.2,2.9,5.1,0.108,-0.6,0.6,0,1.1
42,Jalen Brunson,1663,28,NYK,PG,64,64,2265,21.6,0.604,0.33,0.373,1.4,8,4.7,32.5,1.3,0.3,10.5,29.5,6.7,1.4,8.2,0.173,4.7,-1.4,3.3,3
43,Kevin Durant,1647,36,PHO,PF,62,62,2265,21.1,0.642,0.331,0.321,1.2,16.8,9.2,19.7,1.1,3.2,12.9,28.7,4,1.2,5.2,0.109,3.9,-0.7,3.2,3
44,Jarrett Allen,1092,26,CLE,C,80,80,2263,22.1,0.725,0.006,0.431,10.5,26.7,18.8,9.4,1.6,2.9,11.3,15.9,7.5,3.9,11.4,0.243,3,1.2,4.2,3.5
45,Shaedon Sharpe,1335,21,POR,SG,72,52,2252,14.5,0.551,0.428,0.219,3.2,12.7,7.8,14.2,1.3,0.6,11,25.2,1.3,1.6,2.9,0.061,0,-1.4,-1.4,0.4
46,Giannis Antetokounmpo,2004,30,MIL,PF,66,66,2251,30.4,0.625,0.047,0.537,7.3,29.7,19,35.5,1.2,3.1,11.2,35.2,7.5,3.7,11.2,0.24,6.8,2.5,9.3,6.4
47,Chris Paul,708,39,SAS,PG,80,80,2244,14.8,0.584,0.64,0.155,1.5,12.3,6.9,35.1,2.1,0.8,17.3,13.9,4.2,1.5,5.7,0.122,0.4,0.4,0.8,1.6
48,De'Aaron Fox,1459,27,2TM,PG,62,62,2241,18.3,0.56,0.328,0.273,2.7,12.1,7.4,27.2,2,1.1,11.8,28.2,2.6,1.7,4.3,0.092,1.3,-1,0.4,1.3
49,Jalen Williams,1490,27,SAS,PG,17,17,578,16.3,0.537,0.339,0.257,1.7,11.9,6.8,30.8,2.1,0.8,11.6,26,0.5,0.4,0.9,0.071,-0.6,-1.4,-2,0
50,Malik Beasley,1292,28,DET,SG,80,18,2237,14.2,0.586,0.712,0.134,2.3,8.1,5.3,9,1.5,0.2,6.9,22.3,2.7,1.9,4.6,0.098,1.8,-1.2,0.6,1.5
51,Nikola Vučević,1326,23,OKC,SG,69,69,2237,20.3,0.573,0.291,0.256,2.9,14.6,8.9,23.5,2.4,2.1,10.3,27.5,3.7,4.1,7.8,0.167,2.6,1.4,4,3.4
52,Donovan Mitchell,1701,34,CHI,C,71,70,2233,20.2,0.615,0.313,0.145,8.1,25.3,16.8,17,1.2,1.9,9.7,22.4,4.6,2.4,7,0.151,2.6,0,2.5,2.6
53,Payton Pritchard,1088,28,CLE,SG,71,71,2232,20.8,0.575,0.48,0.274,2.9,12.5,7.8,23.8,2,0.7,9.2,30.9,4.8,2.7,7.5,0.161,3.8,-0.2,3.6,3.2
54,Amen Thompson,955,27,BOS,PG,78,2,2211,17.1,0.628,0.734,0.099,4.9,9.7,7.3,17.7,1.5,0.6,8.2,18.7,5.8,2.4,8.2,0.178,3.1,0.1,3.2,2.9
55,Stephen Curry,1668,22,HOU,SF,68,41,2199,18.6,0.601,0.131,0.353,9,18.1,13.5,16.7,2.1,3.6,14.7,17.4,3.9,4,8,0.174,1.4,2.7,4,3.3
56,Harrison Barnes,991,36,GSW,PG,68,68,2187,21.6,0.617,0.624,0.237,1.8,13.3,7.4,31.3,1.7,1.3,12.4,29.7,5.1,2.6,7.7,0.17,6.4,0,6.4,4.7
57,Desmond Bane,1303,32,SAS,PF,80,80,2181,14.8,0.657,0.525,0.285,4.7,10.1,7.4,8.6,0.8,0.6,6.2,15.7,4.9,0.5,5.4,0.119,1.7,-1.7,0.1,1.1
58,Jaren Jackson Jr.,1623,26,MEM,SG,68,67,2171,17.9,0.601,0.41,0.195,3,16.9,10,24,1.7,1.2,13.3,23.2,4,2.5,6.4,0.143,2.6,0.6,3.2,2.8
59,Julius Randle,1257,25,MEM,C,73,73,2170,19.7,0.592,0.319,0.333,4.5,15.7,10.2,10.2,2,4.7,10,28.3,3.2,3.1,6.3,0.14,1.6,0.7,2.3,2.4
60,Deni Avdija,1219,30,MIN,PF,67,67,2163,17.5,0.59,0.333,0.365,7.3,16.9,12.1,22.7,1,0.6,15.1,25.1,3.5,2.5,6,0.133,1.4,-0.2,1.2,1.8
61,Myles Turner,1111,24,POR,SF,72,54,2161,17.7,0.605,0.405,0.441,5.4,21.2,13.1,19.8,1.6,1.5,16.3,23.2,3.1,2.4,5.5,0.122,1.5,0.5,2,2.2
62,Jaylen Brown,1398,28,IND,C,71,71,2161,16.1,0.61,0.486,0.292,4.7,19.4,12.2,7,1.2,6,11.8,20.7,1.7,2.9,4.6,0.103,-0.1,0.4,0.3,1.3
63,Naz Reid,1120,28,BOS,SF,63,63,2158,17.8,0.555,0.32,0.288,4.2,14.4,9.3,21.4,1.7,0.8,11.4,28.9,2.3,2.8,5.1,0.114,0.4,-0.4,-0.1,1.1
64,Taurean Prince,646,25,MIN,C,78,17,2149,15.8,0.578,0.503,0.157,4.6,19.4,12.1,12.6,1.3,3.1,9.9,21.7,2.3,3.2,5.5,0.124,0.7,0.9,1.6,2
65,Tyus Jones,806,30,MIL,SF,79,72,2141,9.8,0.613,0.651,0.091,1.8,12.2,7.2,9.5,1.7,0.6,13.5,12.5,1.3,2.2,3.5,0.078,-2.1,0.3,-1.8,0.1
66,Evan Mobley,1300,28,PHO,PG,79,57,2132,14.5,0.587,0.588,0.086,2.2,7.7,5,27.8,1.6,0.3,11.5,16.1,4,0.3,4.2,0.096,1.3,-1.3,0,1.1
67,Josh Giddey,1022,23,CLE,PF,70,70,2131,22.4,0.635,0.251,0.325,8.4,24.2,16.5,15.2,1.4,4.8,12.3,23.2,5.2,3.7,8.9,0.201,3.1,1.5,4.6,3.6
68,Tim Hardaway Jr.,835,22,CHI,PG,70,69,2117,18.1,0.57,0.348,0.281,6.4,21.4,14.1,33,1.9,1.8,18.4,21.7,2.8,2.4,5.2,0.118,1.9,1,2.9,2.6
69,Bennedict Mathurin,1136,32,DET,SG,75,75,2115,10.1,0.572,0.668,0.218,0.9,8.5,4.8,7.7,0.9,0.3,6.2,15.5,2.2,1.5,3.6,0.082,-1,-0.8,-1.8,0.1
70,Spencer Dinwiddie,864,22,IND,SF,71,48,2108,13.7,0.582,0.34,0.382,4.4,15.3,9.9,8.8,1,1,11.8,22.7,1.4,1.7,3.1,0.07,-1.3,-1.5,-2.8,-0.4
71,Stephon Castle,1154,31,DAL,PG,78,30,2100,13.2,0.556,0.476,0.354,1,9.6,5.4,22.1,1.6,0.7,11.3,17.9,2.5,1.2,3.7,0.085,-0.8,-0.6,-1.4,0.3
72,Damian Lillard,1447,20,SAS,PG,79,45,2094,13.6,0.521,0.338,0.346,4.5,10.1,7.3,22.5,1.7,1,13.4,26,0,1,1,0.023,-1.6,-1.7,-3.2,-0.6
73,Fred VanVleet,829,34,MIL,PG,58,58,2093,21.3,0.621,0.528,0.396,1.6,12.1,7,29.7,1.6,0.4,12.2,27.8,5.6,2.1,7.6,0.175,4.6,-0.6,4,3.2
74,Kelly Oubre Jr.,906,30,HOU,PG,59,59,2084,12.9,0.515,0.607,0.18,1.6,9.8,5.6,21.3,2.2,1.1,9.4,17.5,2.5,2.9,5.4,0.124,-0.4,1.4,1,1.6
75,Dennis Schröder,968,29,PHI,SF,60,57,2078,13.5,0.551,0.327,0.25,5.1,15.5,10.1,7.9,2.2,1.4,8.9,18.9,1.2,1.4,2.7,0.062,-1.7,-0.6,-2.2,-0.1
76,Luguentz Dort,719,31,3TM,PG,74,49,2077,12.7,0.531,0.45,0.264,1.4,9.2,5.2,28.5,1.6,0.6,13.3,21.6,1.5,1.7,3.2,0.073,-1.3,-0.9,-2.3,-0.1
77,Scottie Barnes,1191,25,OKC,SF,71,71,2073,11.3,0.586,0.696,0.078,4.7,10.4,7.6,6.9,1.8,1.9,7.7,13.6,2.3,3.2,5.5,0.128,-0.6,0.8,0.2,1.1
78,Max Christie,718,23,TOR,PF,63,63,2067,17.5,0.521,0.271,0.286,5.3,20,12.5,27.5,2.1,2.9,13.5,26.7,0.5,2.9,3.4,0.079,1.3,1,2.3,2.2
79,Malik Monk,1117,21,2TM,SG,76,35,2058,10.4,0.57,0.537,0.258,2.1,11,6.7,9.3,1.5,1.3,11.5,15,1.1,1.5,2.6,0.062,-2,-0.4,-2.5,-0.2
80,Jaylen Wells,823,26,SAC,SG,65,45,2054,14.9,0.549,0.456,0.19,1.6,11.7,6.7,25.6,1.4,1.8,13.5,24.6,1.3,1.4,2.8,0.064,0.3,-1.1,-0.8,0.6
81,Russell Westbrook,963,21,MEM,SG,79,74,2043,10.4,0.56,0.58,0.2,4.6,9.3,6.9,8.4,1,0.4,8.6,15.9,2.1,1.3,3.5,0.082,-1.2,-1,-2.2,-0.1
82,Onyeka Okongwu,984,36,DEN,PG,73,36,2042,14.1,0.529,0.351,0.271,5.8,13.6,9.9,28.8,2.4,1.6,20.8,23.8,-0.3,2,1.7,0.04,-1,-0.2,-1.2,0.4
83,Keyonte George,1099,24,ATL,C,73,39,2035,19.3,0.637,0.214,0.319,11.5,24,17.6,11.6,1.6,3,10,17.3,5,2.2,7.3,0.171,1.4,0.1,1.5,1.8
84,Miles Bridges,1300,21,UTA,PG,65,33,2030,13.3,0.545,0.557,0.31,1.4,11.7,6.6,26.9,1.1,0.4,14.9,24.4,1.1,0.2,1.3,0.031,0.1,-2.4,-2.3,-0.1
85,Franz Wagner,1449,26,CHO,PF,64,64,2029,17.7,0.541,0.413,0.233,3.7,22,12.7,21.6,1.1,2.2,10.2,28,1.3,1.9,3.2,0.076,2.3,-0.5,1.8,2
86,Nickeil Alexander-Walker,754,23,ORL,SF,60,60,2023,20.2,0.558,0.303,0.268,3,17.1,9.7,26.8,1.9,1,9.6,31,2.5,3.1,5.7,0.134,2.6,0.5,3.1,2.6
87,Jordan Poole,1391,26,MIN,SG,80,10,2019,11.5,0.579,0.597,0.191,3,11.1,7.1,14.7,1.2,1.5,12.8,16,1.9,2.2,4.1,0.097,-0.8,0.3,-0.5,0.7
88,Jalen Duren,903,25,WAS,SG,68,68,2001,16.7,0.591,0.588,0.259,1.6,9,5.3,25.7,2,1.2,14.8,29,1.2,0.8,2,0.048,2,-1.6,0.4,1.2
89,Davion Mitchell,573,21,DET,C,76,76,1986,21.6,0.708,0,0.442,15.2,28.6,22,14.6,1.3,4.2,17.3,16.4,5.8,3.4,9.2,0.223,1.7,1.6,3.3,2.7
90,Devin Vassell,1041,26,2TM,PG,72,36,1985,10.1,0.571,0.446,0.174,1.9,7,4.4,24.1,1.7,0.8,19.9,13.6,1.2,1.6,2.8,0.068,-2.8,0.2,-2.6,-0.3
91,Quentin Grimes,1084,24,SAS,SG,64,53,1983,14.2,0.553,0.483,0.135,1.8,12,6.9,13.8,2,1.5,8.5,22.1,0.9,1.4,2.2,0.054,-0.3,-0.8,-1.1,0.4
92,Tyrese Maxey,1369,24,2TM,SG,74,36,1978,16.2,0.601,0.509,0.262,3.3,14.6,8.9,17.7,1.8,1,13.2,22.8,2.2,1.4,3.6,0.087,1.6,-0.8,0.7,1.4
93,Jalen Wilson,717,24,PHI,PG,52,52,1960,19.5,0.562,0.438,0.265,0.8,9.6,5.1,28,2.3,1.1,9.2,29.9,2.9,1,3.8,0.094,3.2,-1.1,2,2
94,Yves Missi,665,24,BRK,PF,77,20,1958,9.3,0.536,0.58,0.271,4,11.2,7.5,10.7,1,0.2,10.6,16.7,0.7,1,1.7,0.042,-2.9,-1.3,-4.2,-1.1
95,Bilal Coulibaly,727,20,NOP,C,73,67,1956,15.4,0.572,0.002,0.415,13.7,19.7,16.6,7.2,0.9,4.8,12.4,14.3,2.6,1.1,3.7,0.091,-1.6,-1.3,-3,-0.5
96,Klay Thompson,998,20,WAS,SF,59,59,1948,10.8,0.515,0.359,0.296,4.8,10.9,7.8,14.9,1.9,1.9,15.1,17.9,-0.6,0.9,0.3,0.008,-3,-0.7,-3.7,-0.8
97,Draymond Green,596,34,DAL,SF,71,71,1946,12.9,0.553,0.631,0.085,2.5,11.1,6.9,10.7,1.2,1.3,8.9,21.9,0.7,1.1,1.8,0.045,0.7,-1.7,-0.9,0.5
98,Kyle Kuzma,932,34,GSW,PF,66,64,1916,12.4,0.533,0.476,0.298,4,19,11.3,26.4,2.4,3.3,23.3,16,0.3,3.2,3.5,0.088,-2.3,2.7,0.4,1.2
99,Guerschon Yabusele,768,29,2TM,PF,63,60,1902,10.2,0.507,0.362,0.239,3.1,17.2,10.2,12.1,0.9,0.9,13.6,24,-2.5,1.3,-1.2,-0.03,-3.3,-2,-5.2,-1.6
100,Keon Ellis,652,29,PHI,C,70,43,1895,14.7,0.616,0.487,0.245,7.7,16.4,11.9,11.6,1.5,1.2,12.2,16.4,3,1,3.9,0.1,0.1,-1.1,-1,0.5
101,Josh Green,506,25,SAC,SG,78,26,1887,13.6,0.664,0.692,0.185,3.5,8.9,6.2,8,3.1,3.1,12.3,12.7,2.7,2.2,4.8,0.123,0,2,2,1.9
102,Norman Powell,1279,24,CHO,SG,68,67,1887,7.8,0.559,0.589,0.171,3.1,6.7,4.9,8.2,1.9,0.8,13.4,11.8,0.4,1.1,1.5,0.038,-4.5,0.1,-4.3,-1.1
103,Cason Wallace,568,31,LAC,SG,58,58,1878,18,0.618,0.455,0.281,1.3,9.8,5.6,10.6,1.9,0.5,9.2,26.4,3,2.3,5.3,0.134,2,-0.1,1.9,1.9
104,Jrue Holiday,684,21,OKC,SG,68,43,1876,12.3,0.562,0.425,0.076,4.2,8.9,6.6,11.5,3.1,1.9,10.5,12.8,1.8,3.4,5.2,0.132,-1.6,2.6,1,1.4
105,RJ Barrett,1223,34,BOS,PG,61,61,1870,13.7,0.569,0.536,0.136,4.4,10.9,7.7,17.3,1.7,1.3,11.2,15.9,2.8,2.3,5.1,0.131,-0.2,1,0.8,1.3
106,Gary Trent Jr.,815,26,MIL,SG,73,9,1869,11.8,0.594,0.657,0.143,1.2,8.2,4.8,6.4,1.8,0.2,5.6,17,1.7,1.7,3.4,0.087,-1.1,-0.4,-1.5,0.2
107,Julian Champagnie,778,24,TOR,SF,58,58,1869,16.4,0.547,0.312,0.317,3.4,17.9,10.5,27.3,1.2,0.9,12.9,28.7,0.6,1.8,2.4,0.062,1.2,-0.7,0.6,1.2
108,Andrew Nembhard,650,23,SAS,SF,80,27,1868,12,0.571,0.727,0.145,3.8,13.9,8.8,7.9,1.6,1.6,9.7,17.2,1.1,1.2,2.3,0.059,-0.6,-0.9,-1.4,0.3
109,Keon Johnson,805,25,IND,SG,64,64,1866,11.8,0.55,0.324,0.256,2.1,10.8,6.5,22.4,2,0.5,15.7,16.3,1.2,1.7,2.9,0.074,-2.5,0.4,-2.1,-0.1
110,Naji Marshall,896,22,BRK,SG,77,54,1864,10.1,0.494,0.513,0.167,3.5,14.2,8.6,14.2,2.1,1.6,12,21.7,-1.5,1.9,0.3,0.009,-3.4,-0.1,-3.5,-0.7
111,Nic Claxton,712,27,DAL,SF,67,29,1863,15.5,0.588,0.306,0.231,4.5,14.3,9.5,15.8,1.8,0.5,12.2,20.1,2.1,1.5,3.6,0.093,-0.2,-0.4,-0.5,0.7
112,Trey Murphy III,1124,25,BRK,C,69,61,1860,16.4,0.566,0.037,0.269,9.1,22.8,15.7,13.8,1.7,5.3,12,16.8,1.7,2.5,4.3,0.11,-1.1,1.5,0.4,1.1
113,Isaiah Collier,615,24,NOP,SF,53,51,1854,17.3,0.598,0.522,0.274,2.7,13.3,7.8,15.8,1.5,2,9.9,23.8,3,0.6,3.6,0.093,2.1,-1.3,0.8,1.3
114,Rui Hachimura,759,20,UTA,PG,71,46,1839,9.7,0.494,0.305,0.277,1.9,11.8,6.9,34.3,1.7,0.8,25,18.9,-1.3,0.6,-0.7,-0.019,-3.8,-1.5,-5.3,-1.6
115,CJ McCollum,1183,26,LAL,PF,58,56,1837,13.5,0.616,0.431,0.192,5,12.6,8.9,6.4,1.2,1.3,7.4,15.9,2.7,1.5,4.1,0.108,-0.2,-0.6,-0.8,0.6
116,Derrick Jones Jr.,767,33,NOP,PG,56,56,1832,15.8,0.55,0.459,0.173,2.4,10.4,6.3,20.5,1.2,1.3,9,27.3,1.3,0.2,1.5,0.04,1.2,-2.6,-1.4,0.3
117,Buddy Hield,888,27,LAC,SF,75,55,1830,13.6,0.611,0.371,0.201,5.7,10.1,7.9,4.6,2.1,1.8,9.2,16.5,2.1,2.5,4.6,0.122,-1,0.7,-0.3,0.8
118,Anthony Black,695,32,GSW,SG,80,22,1825,12.2,0.56,0.697,0.084,2.9,12.7,7.6,10.9,1.8,1.1,10.3,20.4,0.6,2.2,2.8,0.072,-0.7,-0.3,-1,0.4
119,Andrew Wiggins,1068,21,ORL,PG,76,9,1819,11.3,0.517,0.321,0.323,2.9,11,6.7,19.4,2.2,2.5,16.5,19.3,-0.7,2.9,2.2,0.059,-3.3,1.3,-2,0
120,Keldon Johnson,956,29,2TM,SF,59,59,1818,16.4,0.569,0.416,0.308,5,10.8,7.9,13.4,1.6,2.6,9.5,24.4,1.9,2.1,4,0.105,1.3,-0.3,1,1.4
121,Zaccharie Risacher,924,25,SAS,SF,76,0,1811,15.4,0.57,0.357,0.25,6.4,15,10.7,10.3,1.3,1,8.2,21.5,2.1,1,3.1,0.083,-0.1,-1.5,-1.6,0.2
122,P.J. Washington,822,19,ATL,SF,73,71,1808,12.3,0.557,0.442,0.192,5.1,11,8,7.2,1.3,1.8,9.7,20.8,0.6,1.1,1.7,0.046,-1.6,-1.8,-3.5,-0.7
123,Kyrie Irving,1234,26,DAL,PF,56,55,1808,13.8,0.553,0.361,0.298,4.9,21,13.1,9.9,1.7,2.8,13.7,20.5,0.1,2.1,2.2,0.058,-1.3,0.2,-1.1,0.4
124,Cameron Johnson,1070,32,DAL,SG,50,50,1804,19.9,0.594,0.38,0.226,3.7,10.7,7.3,20.5,1.8,1.1,9.7,27.4,3.4,1.3,4.6,0.124,3.9,-0.5,3.4,2.5
125,Royce O'Neale,673,28,BRK,PF,57,57,1800,18.2,0.632,0.546,0.301,3.3,12.8,7.8,18.5,1.5,1.4,10.5,22.9,3.8,1.4,5.2,0.138,3.4,-0.4,3.1,2.3
126,Dorian Finney-Smith,531,31,PHO,SF,73,22,1794,12.9,0.594,0.773,0.047,3.4,17.6,10.7,12.4,1.8,1.7,10.2,15.5,1.7,1.1,2.9,0.077,0.5,-0.1,0.4,1.1
127,Haywood Highsmith,456,31,2TM,PF,62,40,1788,9.9,0.596,0.718,0.106,5.1,10.6,7.8,7,1.5,1.2,11.2,12.3,1.4,1.4,2.8,0.074,-1.3,0.1,-1.2,0.4
128,Alex Sarr,852,28,MIA,SF,72,41,1776,9.8,0.582,0.598,0.115,4.3,10.8,7.6,8.3,1.9,2,11.9,11.1,1.1,2.1,3.2,0.087,-2.9,1,-1.9,0.1
129,Kyshawn George,574,19,WAS,C,65,65,1772,13.1,0.485,0.41,0.2,7.2,17.8,12.4,13.6,1.2,5.1,11.2,23.4,-1.5,1.3,-0.2,-0.004,-2.2,-1.1,-3.2,-0.6
130,Scoot Henderson,837,21,WAS,SG,66,36,1763,8.8,0.501,0.647,0.175,2.9,13.8,8.3,13.2,1.8,2.6,14.5,16,-1,1.1,0.1,0.002,-3.9,-0.3,-4.1,-1
131,Collin Sexton,1159,20,POR,PG,66,10,1759,12.5,0.54,0.434,0.301,3.1,9.2,6.1,28,1.9,0.7,18.6,22.6,0.4,1.3,1.7,0.047,-1.4,-0.8,-2.2,-0.1
132,Duncan Robinson,790,26,UTA,SG,63,61,1758,16.6,0.593,0.313,0.29,3.7,6.8,5.3,25.1,1.3,0.3,14.1,27,2.5,0,2.4,0.067,1.7,-2.3,-0.6,0.6
133,Amir Coffey,696,30,MIA,SF,72,36,1747,11.7,0.592,0.722,0.081,1.1,9.2,5.2,15,1.1,0.3,11.3,19.1,1.1,1.4,2.5,0.068,-0.8,-1,-1.8,0.1
134,Wendell Carter Jr.,614,27,LAC,SG,71,13,1744,11.2,0.614,0.484,0.253,2.1,8.2,5.2,6.1,1.1,0.4,7.2,15.2,2.4,1.7,4.1,0.112,-1.5,-0.2,-1.7,0.1
135,De'Andre Hunter,1088,25,ORL,C,67,50,1741,13.8,0.549,0.322,0.355,9.4,23.5,16.1,11.5,1.5,2.3,12.1,16,1.6,3,4.6,0.128,-2.2,1,-1.2,0.3
136,Walker Kessler,641,23,UTA,C,58,58,1740,20,0.66,0.081,0.363,16.7,27.2,22,8.3,1,7.4,15,13.7,3.6,1.8,5.5,0.151,1.1,0.7,1.8,1.7
137,Luka Dončić,1369,27,2TM,SF,64,9,1740,15.9,0.623,0.509,0.333,2.7,13.5,8.1,7.5,1.4,0.7,8.6,22.8,3,1.4,4.4,0.121,1.2,-0.8,0.3,1
138,Mike Conley,580,25,2TM,PG,49,49,1738,23.7,0.583,0.469,0.379,2.6,22.6,12.8,35.9,2.5,1.1,13,33.8,3.3,2.4,5.6,0.155,5.3,1.2,6.5,3.8
139,Kris Dunn,459,37,MIN,PG,69,62,1727,13.4,0.577,0.663,0.194,2.1,9.1,5.7,24.5,2.2,0.8,13,14.5,3,2.1,5.1,0.142,0,1.3,1.3,1.4
140,Jabari Smith Jr.,698,30,LAC,PG,72,56,1725,11.3,0.526,0.511,0.052,3.5,12.6,8.1,15.7,3.6,1.6,14.2,12.8,0.7,3.2,3.9,0.107,-2.9,3.5,0.6,1.1
141,Jakob Poeltl,824,21,HOU,PF,57,39,1716,12.6,0.562,0.489,0.223,6.4,18.5,12.4,4.8,0.7,2.1,8.9,16.4,2,2.4,4.3,0.121,-0.8,0.2,-0.6,0.6
142,Georges Niang,768,29,TOR,C,57,56,1686,20,0.641,0.005,0.249,11.8,23.3,17.4,14.5,1.9,4,14.7,18.7,3,2.6,5.6,0.159,0.7,1.3,2,1.7
143,Anthony Davis,1238,31,2TM,PF,78,3,1680,11.2,0.608,0.662,0.096,3,14.3,8.7,8.8,0.8,0.8,11.2,17.7,1.5,1.3,2.8,0.081,-1.1,-1.2,-2.3,-0.1
144,Bradley Beal,881,31,2TM,PF,50,50,1676,26,0.588,0.133,0.411,9,29.1,19.3,17.6,1.7,5.7,9.5,30.4,3.5,2.9,6.4,0.185,3.8,1.3,5.1,3
145,Aaron Wiggins,851,31,PHO,SG,52,37,1674,14.9,0.594,0.374,0.201,2.3,9,5.8,17.4,1.7,1.6,11.8,22.2,1.6,0.5,2.2,0.062,-0.3,-1.1,-1.4,0.2
146,Jimmy Butler,910,26,OKC,SG,74,24,1673,15.6,0.592,0.471,0.109,5.2,12.7,9,10.3,1.6,1.1,8.3,19.9,2.4,2.5,4.9,0.142,1.1,-0.3,0.9,1.2
147,Ochai Agbaji,629,35,2TM,SF,53,53,1670,22.2,0.623,0.176,0.656,8,11,9.4,25.2,2.2,1,9.1,20.8,6.2,2,8.1,0.233,3.8,0.9,4.7,2.8
148,Scotty Pippen Jr.,768,24,TOR,SG,62,43,1666,11.6,0.596,0.469,0.095,3.5,11.7,7.5,8.2,1.5,1.7,9.1,14.6,1.4,1.5,2.9,0.083,-1,0.1,-0.9,0.5
149,Brandin Podziemski,718,24,MEM,PG,78,21,1652,15.9,0.584,0.366,0.286,4.2,12.3,8.3,27.1,2.9,1.7,17.3,19.4,2.3,2.2,4.5,0.132,0,1.8,1.9,1.6
150,Santi Aldama,803,21,GSW,SG,62,31,1644,14.4,0.555,0.493,0.148,4,16.7,10.1,18.9,1.9,0.7,10.1,18.4,1.8,2.1,4,0.116,-0.1,0.8,0.6,1.1
151,Kevin Huerter,656,24,MEM,PF,64,16,1634,16.8,0.588,0.5,0.145,6.2,20.4,13.4,15.2,1.4,1.6,9.3,18.6,2.9,2,4.9,0.144,2.6,0.6,3.1,2.1
152,Al Horford,525,26,2TM,SG,67,29,1632,11.1,0.542,0.647,0.08,2,11.2,6.7,12.3,1.9,1.3,9.7,17.4,0.5,1.3,1.7,0.051,-1.9,-0.2,-2.1,-0.1
153,Peyton Watson,534,38,BOS,C,59,41,1631,12.9,0.561,0.683,0.084,5.2,18.7,12,10.6,1.1,2.8,8.6,13.8,2,2.3,4.3,0.127,0.1,1.1,1.2,1.3
154,A.J. Green,526,22,DEN,SF,66,18,1619,11.3,0.565,0.316,0.321,3.3,11.5,7.6,7,1.4,5,10.6,13.8,0.9,1.5,2.4,0.071,-2.1,0.2,-1.9,0
155,Terry Rozier,675,25,MIL,SG,71,6,1616,9.1,0.618,0.855,0.065,1.2,9.6,5.5,8.5,1.1,0.3,8.6,12.6,1.5,1.3,2.7,0.08,-1.9,-0.4,-2.3,-0.1
156,Corey Kispert,705,30,MIA,PG,62,23,1612,10.8,0.503,0.485,0.173,2.8,12.8,7.9,15.1,1.1,0.8,10.2,20.6,-0.4,1.5,1.1,0.032,-2.4,-1,-3.4,-0.6
157,Moses Moody,711,25,WAS,SF,61,0,1602,11,0.584,0.584,0.156,2.3,9.5,5.9,9.7,0.8,0.8,9.6,17.5,1,0.1,1.1,0.033,-1.5,-2.2,-3.7,-0.7
158,Isaiah Hartenstein,637,22,GSW,SG,72,32,1596,12.5,0.581,0.597,0.238,3.3,9.4,6.3,8.3,1.6,1.7,7.8,17.5,1.7,1.7,3.5,0.104,-0.8,-0.1,-0.9,0.5
159,Gradey Dick,777,26,OKC,C,57,53,1590,18.9,0.599,0.04,0.244,11.3,29.7,20.7,18.3,1.4,3.9,15.3,16.7,3.2,3.6,6.7,0.204,0.5,2.6,3.1,2.1
160,Paolo Banchero,1191,21,TOR,SG,54,54,1587,10.9,0.543,0.504,0.24,2.9,10.3,6.5,8.9,1.5,0.6,10.4,21,0.2,1.2,1.4,0.044,-1.9,-1.3,-3.2,-0.5
161,Caris LeVert,745,22,ORL,PF,46,46,1582,20.1,0.551,0.299,0.423,3.5,22.5,12.5,26.1,1.1,1.7,11.2,33.6,1.1,2.5,3.5,0.107,3.4,0.1,3.5,2.2
162,Tristan Da Silva,505,30,2TM,SG,63,3,1566,14.7,0.573,0.478,0.257,2.7,11.1,6.9,18,1.7,1.9,10.5,19.4,2.1,1.5,3.6,0.111,0.5,0,0.5,1
163,Donte DiVincenzo,699,23,ORL,SF,72,36,1558,9.8,0.522,0.503,0.133,5,12.7,8.6,10.1,1,1,9.9,15.1,0.5,1.9,2.4,0.073,-2.3,-0.3,-2.6,-0.2
164,Miles McBride,582,28,MIN,SG,60,10,1551,14.2,0.581,0.739,0.11,2.2,13.3,7.8,20.4,2.3,1,13.6,19.5,1.6,2.2,3.7,0.115,0.8,1.2,2,1.6
165,Ziaire Williams,632,24,NYK,PG,62,9,1546,12.3,0.528,0.568,0.114,3.5,8,5.8,15.2,2,1,6.6,16.6,1.7,1.3,3,0.094,-0.5,0.4,-0.1,0.7
166,Isaiah Joe,707,23,BRK,SF,63,45,1541,11.9,0.55,0.581,0.237,4.3,17.5,10.6,8.5,2,1.8,10.5,18.2,0.5,1.6,2.1,0.066,-2.2,-0.1,-2.3,-0.1
167,Victor Wembanyama,1116,25,OKC,SG,72,14,1535,13.3,0.609,0.79,0.091,2.7,10.1,6.5,9.2,1.4,0.6,6.1,17.1,2.5,2,4.5,0.142,1,-0.2,0.9,1.1
168,Patrick Williams,546,23,CHI,PF,61,36,1527,8.9,0.512,0.523,0.165,2.9,12.6,7.8,10.2,1.4,1.8,13.5,16.9,-0.8,1.1,0.3,0.009,-3,-0.8,-3.8,-0.7
169,Jerami Grant,677,21,SAS,C,46,46,1527,24.1,0.594,0.47,0.221,5.7,29.9,17.8,18.3,1.6,10.4,13.7,30.4,1,2.8,3.8,0.119,3.5,2.9,6.5,3.3
170,Obi Toppin,822,30,POR,PF,47,47,1524,10.9,0.523,0.516,0.289,1.8,10,5.8,9.4,1.3,2.7,9.1,19.5,0.6,1.1,1.7,0.054,-1.4,-0.3,-1.7,0.1
171,Gabe Vincent,460,26,IND,PF,77,2,1513,17.6,0.647,0.506,0.195,4,18.7,11.4,11.9,1.4,1.7,9.2,20,2.8,1.6,4.4,0.139,2,-0.1,1.9,1.5
172,LaMelo Ball,1184,28,LAL,PG,71,11,1506,7.5,0.54,0.734,0.05,1.5,5.2,3.4,8.7,1.6,0.8,8.8,13.6,0.3,1,1.3,0.041,-3.8,-0.2,-3.9,-0.7
173,Jonas Valančiūnas,812,23,CHO,PG,47,47,1505,19.1,0.536,0.526,0.228,3.3,13.4,8.2,43.6,1.8,0.8,13.1,35.9,0.9,1.1,2,0.065,4.1,-1,3.1,1.9
174,Sam Hauser,570,32,2TM,C,79,21,1493,20.4,0.596,0.061,0.262,13.3,30.6,21.9,17.3,1.2,2.9,14.5,22.6,2.4,1.7,4.1,0.132,0.6,-0.2,0.4,0.9
175,Grayson Allen,645,27,BOS,PF,69,18,1490,12.5,0.624,0.845,0.018,3.2,12.7,7.9,5.7,1.3,0.8,4.8,14.1,2.3,1.7,4,0.129,0.6,-0.1,0.5,0.9
176,Ja Morant,1138,29,PHO,SG,62,5,1487,13.3,0.625,0.722,0.24,2.5,11.2,7,11.9,1.8,1.2,12.1,17.4,1.7,0.5,2.3,0.074,0.5,-1.1,-0.6,0.5
177,D'Angelo Russell,732,25,MEM,PG,49,49,1485,19.5,0.566,0.319,0.362,2.4,12,7.2,36.3,1.9,0.7,15.3,32.2,2.1,1.5,3.5,0.114,3.2,-0.7,2.5,1.7
178,Lauri Markkanen,892,28,2TM,PG,58,36,1480,14,0.522,0.564,0.227,1.5,11,6.2,31.2,1.9,1.5,13.3,24,0.6,1.3,1.9,0.063,0,-0.4,-0.4,0.6
179,Matas Buzelis,661,27,UTA,PF,47,47,1476,15.6,0.571,0.57,0.264,5.3,15,10.2,7.5,1.1,1.1,7.8,24,1.8,0.4,2.2,0.071,1.8,-2.1,-0.3,0.7
180,Kyle Filipowski,660,20,CHI,SF,78,29,1465,12.2,0.566,0.481,0.195,3.8,15.3,9.7,6.9,0.9,4.3,10.7,18.7,0.3,1.3,1.6,0.053,-2.2,-0.6,-2.8,-0.3
181,Dalton Knecht,674,21,UTA,C,70,25,1462,14.9,0.599,0.426,0.291,7.9,23.3,15.7,14,1.5,1.2,15.4,18.6,1.5,1,2.4,0.08,-0.6,-0.3,-0.9,0.4
182,Kevin Porter Jr.,755,23,LAL,SF,76,15,1452,12.5,0.593,0.614,0.15,2.7,13.1,8,6.7,0.8,0.4,5.8,18.2,1.6,0.9,2.6,0.085,-0.4,-1.7,-2,0
183,Luke Kennard,564,24,2TM,SG,74,4,1451,15.3,0.53,0.27,0.255,3.2,17.4,10.5,25.8,2.7,0.9,15.8,25.4,-0.2,2.3,2.1,0.071,-1.6,1,-0.6,0.5
184,Isaiah Stewart,435,28,MEM,SG,64,11,1448,13.4,0.628,0.605,0.129,2.7,10.1,6.5,18.4,1.6,0.3,13.6,14.5,2.5,1.2,3.7,0.123,0.8,0.1,0.9,1.1
185,Tari Eason,678,23,DET,C,72,4,1434,14.6,0.616,0.168,0.276,10.1,20.5,15.4,11.3,0.9,6.7,16.1,12.4,2.1,2.2,4.3,0.145,-1.6,2.2,0.6,0.9
186,Sam Merrill,509,23,HOU,PF,56,16,1402,18.5,0.571,0.332,0.188,9.2,17.8,13.5,8.3,3.3,3.1,9.7,19.3,2.1,2.9,5.1,0.174,1,2.7,3.7,2
187,Jamal Shead,513,28,CLE,SG,71,4,1401,11.1,0.583,0.868,0.068,3,9,6.1,9.6,1.8,0.9,7.4,14.3,1.8,1.5,3.3,0.112,-0.4,0.7,0.3,0.8
188,Ayo Dosunmu,566,22,TOR,PG,73,9,1397,10.2,0.504,0.435,0.135,2.1,6.5,4.3,30,1.9,0.7,17.9,18.5,-0.1,1.1,1,0.034,-3,-0.8,-3.8,-0.6
189,Ty Jerome,878,25,CHI,SG,46,26,1394,12.8,0.585,0.421,0.176,2,10,6.1,20.2,1.4,1.1,12.5,16.6,1.6,0.9,2.4,0.084,-1.4,-0.2,-1.6,0.1
190,Zach Edey,602,27,CLE,SG,70,3,1392,21,0.643,0.409,0.239,4,9.3,6.7,24.3,2.7,0.2,11.9,23.6,4.2,1.7,5.9,0.203,3.5,0.8,4.3,2.2
191,Goga Bitadze,481,22,MEM,C,65,54,1383,18.3,0.623,0.121,0.287,17.8,22.9,20.4,6.2,1.2,5.5,15.1,16.6,2.6,2.1,4.7,0.164,-0.2,0,-0.2,0.6
192,Aaron Gordon,697,25,ORL,C,68,41,1381,19.1,0.634,0.08,0.378,12.7,25.3,18.7,14.6,1.7,6.6,15.4,14.2,2.7,3,5.7,0.196,-0.4,3,2.6,1.6
193,T.J. McConnell,700,29,DEN,PF,49,40,1380,16.6,0.65,0.351,0.369,6,12.4,9.4,15.3,0.7,0.8,11.6,18.6,3.4,0.6,4,0.14,2.5,-1.6,0.9,1
194,Kel'el Ware,572,32,IND,PG,77,0,1376,18.6,0.547,0.08,0.117,3.6,11.9,7.8,37.5,2.8,1.3,14.2,23.5,1.5,1.6,3.2,0.11,0.7,0.7,1.4,1.2
195,Julian Strawther,579,20,MIA,C,62,34,1376,17.3,0.607,0.242,0.152,9.2,27.5,18.4,6.4,1.4,4.8,10.6,17.1,1.6,2.4,4,0.14,-0.7,0.6,-0.1,0.6
196,Nicolas Batum,313,22,DEN,SG,64,4,1374,9.4,0.559,0.557,0.175,1.4,9.5,5.7,7.6,1.3,1,9.9,17.7,0.4,0.7,1.2,0.041,-3.2,-1.4,-4.6,-0.9
197,Terance Mann,493,36,LAC,PF,78,8,1367,10.3,0.633,0.853,0.088,3.9,13.9,9,7.8,1.9,2.6,12.1,9,1.5,2.1,3.5,0.124,-1.2,2,0.8,1
198,Jeremy Sochan,617,28,2TM,SG,65,12,1365,12,0.585,0.403,0.168,5.3,10.6,7.9,11.6,1.7,1.1,9.8,14.5,1.6,1.3,2.9,0.102,-1.4,0.2,-1.3,0.3
199,Brice Sensabaugh,725,21,SAS,PF,54,23,1364,15.8,0.589,0.194,0.267,9.9,17.8,13.8,13.7,1.6,1.8,13.8,19,1.7,1.1,2.7,0.096,-0.8,-0.4,-1.2,0.3
200,Nick Smith Jr.,582,21,UTA,SF,69,13,1361,13.2,0.611,0.614,0.113,3.2,12.4,7.9,11.5,1.6,0.5,14.4,21.3,0.8,0.3,1.2,0.041,0.2,-1.6,-1.4,0.2
201,Jake LaRavia,458,20,CHO,SG,59,26,1352,8.2,0.501,0.537,0.08,1,9,4.9,16.4,0.6,0.4,12.4,20.8,-1,0.4,-0.6,-0.021,-3.3,-2.6,-5.9,-1.3
202,Ryan Dunn,473,23,2TM,PF,66,0,1349,12.6,0.591,0.421,0.341,7.2,13.3,10.3,14.6,2.2,1.6,18.2,14.4,1.4,1.5,2.9,0.103,-0.9,1,0.2,0.7
203,Paul George,665,22,PHO,SF,72,42,1346,10.1,0.513,0.555,0.083,6.9,13.3,10.2,5.5,1.5,2.7,7.8,16.4,0,0.7,0.7,0.025,-3.2,-1.2,-4.4,-0.8
204,Jordan Hawkins,604,34,PHI,PF,41,41,1334,14.5,0.543,0.47,0.17,2,17.4,9.3,20.9,2.8,1.5,14.7,23.5,-0.2,1.2,1,0.036,-0.5,0.1,-0.4,0.6
205,Jaime Jaquez Jr.,518,22,NOP,SG,56,9,1321,9.6,0.504,0.597,0.176,2,11.2,6.5,7.3,1.1,1.7,8.8,21,-0.7,0.2,-0.5,-0.018,-2.4,-3,-5.4,-1.2
206,Luke Kornet,422,29,BOS,C,71,15,1314,19.6,0.689,0.008,0.342,15.3,15.9,15.6,11.9,1.3,4.7,9.2,11.2,4.7,2,6.7,0.244,1.6,1.6,3.3,1.7
207,Bogdan Bogdanović,576,23,MIA,SF,64,16,1314,13.4,0.528,0.26,0.313,6.9,16.2,11.6,17.2,2.3,1,16.1,19.8,0.1,1.8,1.8,0.067,-1.9,0.6,-1.3,0.2
208,Jose Alvarado,551,32,2TM,SG,52,4,1311,11.5,0.567,0.591,0.138,1.8,11.4,6.6,15.5,1.5,0.8,12.6,18.8,0.8,1.2,2,0.073,-1.5,-0.2,-1.7,0.1
209,Ausar Thompson,583,26,NOP,PG,54,21,1310,13.7,0.528,0.593,0.143,2.1,8.9,5.4,27.9,2.7,1,13.1,19.4,0.9,0.6,1.5,0.055,-0.4,-0.7,-1,0.3
210,Trey Lyles,431,22,DET,SF,58,47,1301,17.4,0.57,0.104,0.306,9.4,15.7,12.6,14.7,3.6,2.9,13.5,19.2,1.4,2.4,3.8,0.14,-0.7,2.6,1.8,1.3
211,Jalen Johnson,680,29,SAC,PF,67,5,1295,12.3,0.547,0.638,0.22,6.6,19.9,13.3,8.1,1.5,1.7,8.8,14.3,1.2,1.2,2.4,0.089,-0.5,-0.3,-0.8,0.4
212,Donovan Clingan,410,23,ATL,SF,36,36,1284,17.3,0.569,0.26,0.232,5.1,26.1,15.3,20.5,2,2.6,15.1,22.5,0.7,1.6,2.3,0.088,0.4,1.4,1.8,1.2
213,Tyrese Martin,499,20,POR,C,65,35,1272,17.1,0.578,0.148,0.318,17.1,25.8,21.4,8.1,1.3,7.6,16.7,13.9,1.7,2.1,3.7,0.141,-1.9,1.4,-0.6,0.5
214,Justin Champagnie,495,25,BRK,SG,58,10,1268,11.1,0.534,0.614,0.126,4.8,14.6,9.5,14.7,1.3,0.6,12.4,18.4,0.2,0.9,1.1,0.041,-1.3,-1,-2.3,-0.1
215,Mason Plumlee,322,34,PHO,C,72,20,1263,14.6,0.643,0.015,0.633,10.3,28.5,19.6,13.6,1.2,3.3,18.8,10.8,2.3,1.2,3.5,0.133,-1.6,0.9,-0.7,0.4
216,Nick Richards,529,23,WAS,SF,60,29,1263,15.2,0.603,0.466,0.182,8.8,18.7,13.7,6.8,2.3,2.6,10.9,15.3,1.4,1.1,2.5,0.096,-0.6,-0.2,-0.8,0.4
217,Max Strus,452,27,2TM,C,57,43,1256,16.6,0.634,0.006,0.461,13.1,27.5,20.4,5.9,0.5,4.2,16.3,17.3,1.8,1.2,3,0.113,-2,-1.3,-3.3,-0.4
218,Javonte Green,337,28,CLE,SF,49,36,1238,12.6,0.606,0.785,0.095,4.8,13.5,9.3,15.6,1,0.7,11.6,14.5,2.2,1.2,3.4,0.133,1.1,0.2,1.3,1
219,Ron Holland,517,31,2TM,SG,66,18,1231,10.8,0.553,0.494,0.28,4.9,14,9.4,5.8,2.5,2.3,9.5,11.6,0.8,0.9,1.7,0.067,-2.6,0.4,-2.2,-0.1
220,Ben Sheppard,332,19,DET,SF,79,1,1230,11.4,0.562,0.364,0.297,3.6,15.6,9.7,9,1.9,1.2,13.4,18.2,0.3,1.5,1.9,0.072,-3.1,0.4,-2.8,-0.2
221,Dean Wade,319,23,IND,SG,63,9,1228,9.2,0.555,0.693,0.094,4,12,8.1,8.6,1.5,1,6.9,11.3,1,1,2.1,0.08,-2.2,0.2,-2,0
222,John Collins,758,28,CLE,PF,58,29,1226,10.4,0.567,0.822,0.104,4.7,16.9,10.9,7.4,1.6,1.5,6.9,10.5,1.4,1.6,3,0.117,-0.8,1.2,0.4,0.8
223,Moussa Diabaté,393,27,UTA,PF,40,31,1220,19,0.628,0.279,0.309,8,20.9,14.5,10.8,1.5,3.1,14.6,24.2,1.7,0.9,2.5,0.099,1.3,-0.4,1,0.9
224,Jonathan Mogbo,372,23,CHO,C,70,8,1216,16.6,0.614,0.018,0.413,15.8,22.1,18.8,6.9,1.8,3.1,15.3,13.2,1.8,1.4,3.3,0.13,-1.3,-0.5,-1.8,0.1
225,Simone Fontecchio,428,23,TOR,PF,61,16,1213,12,0.515,0.193,0.245,8.9,16.9,12.8,14.3,2,2.5,15.3,14.7,0.5,1.5,2,0.078,-2.8,1,-1.8,0.1
226,Bobby Portis,663,29,DET,SF,73,0,1212,9.5,0.537,0.602,0.229,4.5,14.6,9.6,6.8,1.2,0.9,11.1,15.6,0.4,1.2,1.6,0.064,-2.4,-0.5,-2.9,-0.3
227,Johnny Juzang,540,23,UTA,SG,62,16,1211,11.7,0.57,0.664,0.118,3.7,11.9,7.9,7.8,1.5,0.6,6.7,17.5,1.2,0.3,1.5,0.061,-1,-1.4,-2.4,-0.1
228,Brandon Clarke,534,29,MIL,PF,48,7,1211,17.7,0.541,0.301,0.122,8,27.1,18,13.1,1.4,2,8.5,24.3,0.8,1.8,2.6,0.104,0.5,-0.3,0.2,0.7
229,Deandre Ayton,576,28,MEM,PF,64,18,1207,17.5,0.638,0.045,0.229,11.3,17.2,14.3,7.4,2,2.7,8.9,15.3,2.7,1.6,4.4,0.173,0,0.8,0.8,0.9
230,Cole Anthony,621,26,POR,C,40,40,1206,17.7,0.583,0.068,0.128,10.9,26,18.3,8.5,1.2,2.9,12.2,19.5,1.2,1.5,2.8,0.111,-0.4,-0.5,-0.8,0.4
231,Ricky Council IV,517,24,ORL,PG,65,22,1201,14.3,0.531,0.4,0.211,4.2,15.7,9.6,25.5,1.8,2.3,14.6,24.9,0,1.9,2,0.079,-0.8,0.9,0.2,0.7
232,Kristaps Porziņģis,807,23,PHI,SF,71,11,1196,11.9,0.508,0.453,0.333,4.5,15.3,9.7,11.5,1.3,1,8.8,20.4,0.2,0.5,0.7,0.03,-1.8,-2.2,-4.1,-0.6
233,Daniel Gafford,669,29,BOS,C,41,41,1192,22.5,0.623,0.432,0.343,6.1,19.4,12.8,11.3,1.3,4.9,7.6,25.8,3.3,2,5.3,0.212,3.6,1.3,4.9,2.1
234,Tidjane Salaün,343,26,DAL,C,55,30,1188,24.4,0.711,0,0.476,13.9,20.3,17.2,10.2,0.9,7.1,11.8,19.3,4.2,1.5,5.6,0.228,2.5,1.1,3.6,1.7
235,Clint Capela,488,19,CHO,PF,58,9,1185,8.2,0.465,0.591,0.28,6.1,18.5,12.2,8.4,1.2,1.2,12.8,15.2,-0.7,0.9,0.3,0.01,-4,-0.8,-4.8,-0.8
236,Caleb Martin,342,30,ATL,C,55,41,1176,17.7,0.564,0.003,0.249,15.8,28.3,21.9,7.4,1.4,4.2,9.8,16.7,1.7,1.5,3.2,0.13,-0.6,-0.5,-1.1,0.3
237,Jeremiah Robinson-Earl,394,29,2TM,SF,43,24,1176,9.7,0.519,0.341,0.334,4.7,11.9,8.2,10.7,1.8,1.9,14.1,14.2,0,0.7,0.7,0.028,-2.8,-0.2,-3,-0.3
238,Nikola Jović,494,24,NOP,PF,64,7,1173,13.1,0.575,0.476,0.166,9.1,18.1,13.5,9.6,1.6,0.6,11.8,14,1.4,0.5,1.8,0.075,-0.8,-1.4,-2.2,-0.1
239,Justin Edwards,445,21,MIA,PF,46,10,1156,13.8,0.595,0.557,0.231,2.5,14.6,8.6,16.7,1.6,1.1,12.6,18.3,1.2,1.3,2.5,0.103,-0.3,0.6,0.3,0.7
240,Cody Martin,356,21,PHI,SF,44,26,1155,11.3,0.559,0.503,0.122,4.4,10.5,7.3,8.9,1.9,1.4,11,16.9,0.4,0.5,1,0.04,-2,-1.6,-3.7,-0.5
241,Mark Williams,661,29,2TM,SF,51,8,1152,11.5,0.513,0.466,0.191,4.9,15.7,10.2,13,2.3,2.7,12.4,14.7,0.2,1.2,1.4,0.058,-2.5,1.1,-1.5,0.1
242,Jonathan Kuminga,709,23,CHO,C,43,40,1147,24.1,0.652,0.009,0.375,11.6,29.3,20.3,16.5,1.3,4.5,11.7,21.3,3.2,1.6,4.8,0.201,2.7,1,3.7,1.6
243,Precious Achiuwa,361,22,GSW,PF,46,10,1127,15.7,0.536,0.266,0.405,5.1,15.4,10.1,14.8,1.6,1.7,9.6,27.3,0.5,1.4,1.9,0.081,-0.4,-0.1,-0.5,0.4
244,Jarace Walker,435,25,NYK,C,55,9,1122,13.9,0.543,0.118,0.214,10.4,20.4,15.4,6.2,1.9,3.4,11.2,14.5,0.8,1.6,2.4,0.103,-1.8,0.2,-1.6,0.1
245,Vit Krejci,397,21,IND,PF,73,3,1121,11.9,0.594,0.527,0.202,2.3,18.7,10.6,12,2.2,1.9,16.6,17,0.1,1.4,1.5,0.066,-1.8,0.9,-1,0.3
246,Kevon Looney,337,24,ATL,PG,55,16,1114,12.3,0.654,0.709,0.147,1.8,13.1,7.3,16.2,1.4,2.2,13.4,12.9,1.6,0.8,2.4,0.105,-0.2,0.6,0.4,0.7
247,Aaron Nesmith,531,28,GSW,C,74,6,1110,17,0.53,0.018,0.353,17.3,26.9,21.9,14.2,2,3,10.9,13.5,2.1,2,4.1,0.179,-1.1,1.2,0.1,0.6
248,Ja'Kobe Walter,449,25,IND,SF,44,36,1109,14.5,0.653,0.519,0.212,3.6,13.9,8.8,6.5,1.5,1.4,8.1,17.3,1.8,1,2.9,0.123,0,-0.5,-0.6,0.4
249,Ben Simmons,256,20,TOR,SG,52,18,1103,10.8,0.523,0.473,0.211,5.6,10,7.8,10.2,1.9,0.9,10.4,18.2,0.3,1,1.2,0.054,-2.3,-0.6,-3,-0.3
250,Kawhi Leonard,735,28,2TM,PG,49,24,1097,12.6,0.539,0,0.148,4.5,20.6,12.3,37.5,1.7,2,29.8,13.5,0.5,1.3,1.8,0.079,-2.3,1.8,-0.5,0.4
251,Jaxson Hayes,376,33,LAC,SF,35,35,1090,20.3,0.583,0.308,0.189,3.6,17.5,10.7,16.3,2.5,1.5,9.6,27.8,1.3,1.8,3.1,0.136,2.3,0.5,2.8,1.3
252,Julian Phillips,334,24,LAL,C,55,34,1081,15.8,0.719,0.014,0.427,8.2,19.4,14,7.6,1.4,4.4,14.1,12.4,2.2,1.4,3.6,0.161,-1.6,1.3,-0.3,0.5
253,Kenrich Williams,401,21,CHI,SF,77,3,1069,9.5,0.559,0.534,0.261,6.3,8.7,7.5,4.3,1.5,1.5,8.3,12.7,0.8,0.7,1.5,0.066,-2.9,-0.6,-3.5,-0.4
254,Cody Williams,230,30,OKC,PF,67,5,1065,13.5,0.596,0.5,0.102,6.3,16,11.2,10.8,1.7,0.9,9.4,14.8,1.7,1.7,3.4,0.153,-0.3,0.9,0.5,0.7
255,Dalano Banton,533,20,UTA,SG,50,21,1060,3.6,0.419,0.525,0.156,2.8,8.7,5.8,7.4,1,1.4,13.8,12.6,-1.2,0.1,-1.1,-0.052,-6.1,-1.2,-7.3,-1.4
256,Jonathan Isaac,356,25,POR,PG,65,5,1053,13.6,0.507,0.433,0.254,2.9,10.3,6.5,21.1,1.9,2.8,12.6,23.8,0,1,1,0.044,-0.2,-0.2,-0.4,0.4
257,Cameron Payne,479,27,ORL,PF,69,0,1052,16,0.506,0.474,0.325,12,21.1,16.3,4.8,2.8,6.8,7.9,15.9,0.7,2.4,3.1,0.143,-1.3,1.8,0.5,0.7
258,Seth Curry,427,30,NYK,PG,70,4,1045,13.8,0.533,0.579,0.112,1.6,9.5,5.6,25.6,1.8,1.3,9.8,20.7,1.3,0.9,2.2,0.102,0,-0.1,-0.1,0.5
259,Noah Clowney,420,34,CHO,SG,67,14,1043,11.8,0.606,0.522,0.116,2.4,9.1,5.7,8.9,1.2,0.7,8.1,15.6,1.2,0.5,1.6,0.076,-1,-1,-2,0
260,Alex Caruso,382,20,BRK,PF,46,20,1042,9.2,0.516,0.702,0.215,4.5,15.8,9.9,5.9,1.1,2,10.2,19,-0.3,0.8,0.5,0.023,-3.2,-1,-4.2,-0.6
261,Isaac Okoro,322,30,OKC,SG,54,3,1041,15.9,0.568,0.541,0.162,4,12.3,8.2,16.6,4,2.9,9.9,15.2,1.6,2.3,3.9,0.179,0,3.9,3.9,1.6
262,Jusuf Nurkić,425,24,CLE,SG,54,22,1026,10.4,0.579,0.574,0.178,5.1,8,6.6,8,1.5,1.4,7.6,12.5,1.3,1,2.3,0.11,-1.3,0.5,-0.8,0.3
263,Dejounte Murray,542,30,2TM,C,49,31,1016,15,0.557,0.302,0.372,8.8,32.3,20.7,16.2,1.7,3.1,19.3,20.2,0,1.4,1.4,0.066,-2.4,0.8,-1.6,0.1
264,DaQuan Jeffries,297,27,CHO,SG,45,18,1012,8,0.52,0.56,0.106,3.7,10.1,6.9,7.5,1.2,2.2,10.6,13.4,0,0.6,0.6,0.029,-4,-0.7,-4.8,-0.7
265,Jalen Suggs,567,28,NOP,PG,31,31,1012,15.4,0.494,0.352,0.251,1.8,20.2,10.7,34.5,3,1.1,16.2,27.3,-0.7,0.9,0.2,0.011,-1.3,-0.3,-1.6,0.1
266,Brandon Boston Jr.,448,23,ORL,PG,35,35,1002,14.4,0.536,0.503,0.229,2.5,14.2,8.1,21.7,2.5,3.2,16.2,27.5,-0.7,1.8,1.1,0.053,-0.9,1.2,0.4,0.6
267,Jared Butler,497,23,NOP,SG,42,10,993,12.7,0.535,0.367,0.223,3,11.9,7.3,13.7,2.6,0.9,11.1,20,0.2,0.5,0.7,0.035,-2.3,-0.2,-2.5,-0.1
268,Oso Ighodaro,239,24,2TM,SG,58,15,989,15.3,0.546,0.368,0.201,2.5,9.5,5.8,33.5,1.9,1.2,13.7,22.9,0.9,0.4,1.3,0.064,0.3,-1.5,-1.2,0.2
269,Kris Murray,270,22,PHO,PF,59,5,986,11.1,0.616,0.012,0.291,7.3,16.5,12.1,9,1.3,2.4,14.9,10.2,1.1,0.5,1.6,0.079,-2.7,0.2,-2.5,-0.1
270,Dalen Terry,320,24,POR,SF,67,4,974,9.3,0.485,0.434,0.199,7.4,11.1,9.2,8.6,1.7,1.4,12.3,13.6,0,0.8,0.7,0.036,-2.9,0,-2.9,-0.2
271,Trayce Jackson-Davis,407,22,CHI,SG,72,5,969,9.8,0.553,0.39,0.266,4.2,8.9,6.6,12.8,2.1,1.3,15.2,14.7,0.3,0.8,1.1,0.053,-3.9,0.1,-3.8,-0.4
272,Jordan Clarkson,600,24,GSW,C,61,37,964,18.5,0.587,0.01,0.338,13.2,21.7,17.3,16,1.1,3.8,11.3,17,1.9,1.4,3.4,0.167,0.3,0.9,1.2,0.8
273,Jamison Battle,383,23,TOR,SF,57,8,962,10.7,0.593,0.746,0.057,3.8,12.4,8,7.1,0.8,0.9,6.9,15.1,1,0.6,1.7,0.082,-0.9,-1.3,-2.1,0
274,Kyle Anderson,342,32,UTA,SG,37,9,962,14.5,0.54,0.471,0.29,2.8,10.4,6.6,22.9,1.5,0.9,13.4,27.9,0.2,0.2,0.4,0.021,0.6,-2.1,-1.5,0.1
275,Andre Jackson Jr.,221,31,2TM,PF,59,4,951,15,0.542,0.242,0.208,5.9,16.7,11.2,20.4,2,2.8,10.5,16,1.3,1.4,2.6,0.133,-0.6,2.1,1.6,0.9
276,Jalen Smith,510,23,MIL,SG,66,43,944,8.8,0.548,0.393,0.126,7.7,12.7,10.3,10.8,1.7,1.4,20.8,11.8,0.2,1.1,1.2,0.063,-3.6,0.4,-3.2,-0.3
277,Zach Collins,386,24,CHI,C,62,2,942,18.6,0.59,0.556,0.221,9.8,28.5,19.3,9.5,0.8,4.1,7.9,20.8,1.6,1.2,2.8,0.143,1.4,-0.6,0.8,0.7
278,Thomas Bryant,412,27,2TM,PF,62,12,942,15.8,0.6,0.359,0.248,11.2,20.1,15.7,15.5,1.4,2.7,15.1,17,1.6,0.9,2.5,0.128,-0.9,0.7,-0.2,0.4
279,Brandon Miller,568,27,2TM,C,64,7,925,17.2,0.613,0.453,0.201,10,19.6,14.8,7.8,1.4,3.7,7.9,17.2,1.8,1.2,2.9,0.152,0.6,-0.1,0.5,0.6
280,Bruce Brown,340,22,CHO,SF,27,27,924,14,0.54,0.597,0.161,2.8,12.5,7.6,18.2,1.5,2.1,12.6,27.7,-0.2,0.7,0.4,0.023,0.8,-0.8,0,0.4
281,Immanuel Quickley,564,28,2TM,PG,41,12,922,10.9,0.504,0.262,0.21,4.6,14.9,9.6,12.8,1.8,1,10.4,17.2,0.1,0.6,0.7,0.037,-3.1,-0.6,-3.8,-0.4
282,KJ Martin,274,25,TOR,PG,33,33,918,17.5,0.57,0.514,0.292,1.8,12.1,6.8,31.5,1.2,0.4,10.5,25.2,1.8,0.7,2.5,0.13,3.2,-1,2.2,1
283,Day'Ron Sharpe,397,24,2TM,PF,43,16,912,10.2,0.618,0.289,0.234,3.6,11.8,7.6,7.4,0.9,2.3,9.8,11.5,1.1,0.2,1.3,0.068,-3.2,-0.3,-3.6,-0.4
284,Tre Jones,330,23,BRK,C,50,2,907,19.7,0.568,0.142,0.233,17.8,23.8,20.7,16.7,2.2,4.6,15.3,19.9,1.3,1.4,2.7,0.142,-0.1,0.9,0.8,0.6
285,Jaden Ivey,528,25,2TM,PG,46,9,905,16.3,0.617,0.202,0.282,3.7,9.9,6.8,28.6,1.9,1,11.6,14.1,2.3,0.6,2.9,0.153,0.5,1,1.5,0.8
286,Kelly Olynyk,384,22,DET,SG,30,30,898,14.7,0.569,0.373,0.281,5,10.2,7.6,19.8,1.5,1.2,16.1,26,0.3,0.9,1.2,0.063,0.7,-0.8,0,0.5
287,Gary Payton II,396,33,2TM,C,44,22,891,14.9,0.609,0.295,0.403,7.3,17.9,12.5,20.5,1.8,2,19.4,18.5,1,0.8,1.7,0.094,-1.1,0.4,-0.7,0.3
288,Chet Holmgren,479,32,GSW,SG,60,11,888,16.8,0.641,0.322,0.13,6.1,15.7,10.7,13.5,2.7,1.8,10.2,16.3,1.6,1.4,3,0.163,-0.2,2,1.8,0.9
289,Jaden Hardy,476,22,OKC,C,32,32,877,19.2,0.599,0.34,0.393,6,25.1,15.8,9.8,1.3,8.2,12.3,22.1,1.1,2,3.1,0.172,0.5,1.9,2.4,1
290,Chris Boucher,502,22,DAL,SG,55,3,866,10.6,0.553,0.47,0.208,1.2,9.4,5.4,13.2,1.5,0.5,15.5,25.3,-0.7,0.5,-0.2,-0.014,-2.8,-1.9,-4.6,-0.6
291,Zion Williamson,737,32,TOR,PF,50,0,862,18.7,0.615,0.522,0.235,8.5,19.6,14,5.9,1.3,2.8,6.6,21.2,1.7,1,2.7,0.149,2.9,-0.6,2.3,0.9
292,Trendon Watford,415,24,NOP,PF,30,30,857,27.4,0.6,0.026,0.474,9.3,18.2,13.6,36.4,2.1,3,12.8,34.7,1.9,0.6,2.6,0.143,5.9,1,7,2
293,Khris Middleton,440,24,BRK,PF,42,4,847,12.7,0.554,0.257,0.362,4.5,15.5,9.7,20.9,1.5,1.3,17.2,23.3,-0.1,0.7,0.6,0.035,-2.5,-0.8,-3.3,-0.3
294,Alec Burks,344,33,2TM,SF,37,21,843,16.8,0.588,0.395,0.249,1.7,15.4,8.7,26.9,2,0.9,13,22,1.2,0.8,2,0.116,0.3,0.3,0.7,0.6
295,Adem Bona,303,33,MIA,SG,48,13,842,12.6,0.602,0.758,0.186,2,13.7,7.9,8.9,1.6,0.8,8.6,16.5,0.8,0.9,1.7,0.097,-0.1,0.3,0.1,0.4
296,Neemias Queta,301,21,PHI,C,56,9,841,16.1,0.709,0.006,0.517,11.3,20.2,15.6,4.6,1.4,7.5,21.1,14,1.2,0.9,2.1,0.118,-3.1,0.1,-2.9,-0.2
297,Dereck Lively II,304,25,BOS,C,60,6,825,16.2,0.68,0.015,0.308,11.5,18.7,15.1,6.9,1,4.4,15.3,13.9,1.8,1.3,3,0.175,-1.7,0.8,-0.9,0.2
298,Ryan Rollins,342,20,DAL,C,35,28,815,20,0.703,0,0.397,13.8,20.8,17.3,14.6,1.2,5.9,15.6,13.5,2.4,1,3.4,0.199,1.1,2.3,3.4,1.1
299,Garrison Mathews,341,22,MIL,PG,55,18,802,13.9,0.598,0.44,0.169,3,11.1,7.2,17.6,2.5,2,15.4,18.5,0.6,1,1.7,0.1,-1.4,0.9,-0.5,0.3
300,Karlo Matković,325,28,ATL,SG,46,2,793,11.4,0.605,0.851,0.31,1.7,10,5.7,9.6,1.5,1.6,9.3,16.1,1,0.5,1.5,0.089,-1.1,-0.4,-1.5,0.1